Estado,Ene/2000,Feb/2000,Mar/2000,Abr/2000,May/2000,Jun/2000,Jul/2000,Ago/2000,Sep/2000,Oct/2000,Nov/2000,Dic/2000,Ene/2001,Feb/2001,Mar/2001,Abr/2001,May/2001,Jun/2001,Jul/2001,Ago/2001,Sep/2001,Oct/2001,Nov/2001,Dic/2001,Ene/2002,Feb/2002,Mar/2002,Abr/2002,May/2002,Jun/2002,Jul/2002,Ago/2002,Sep/2002,Oct/2002,Nov/2002,Dic/2002,Ene/2003,Feb/2003,Mar/2003,Abr/2003,May/2003,Jun/2003,Jul/2003,Ago/2003,Sep/2003,Oct/2003,Nov/2003,Dic/2003,Ene/2004,Feb/2004,Mar/2004,Abr/2004,May/2004,Jun/2004,Jul/2004,Ago/2004,Sep/2004,Oct/2004,Nov/2004,Dic/2004,Ene/2005,Feb/2005,Mar/2005,Abr/2005,May/2005,Jun/2005,Jul/2005,Ago/2005,Sep/2005,Oct/2005,Nov/2005,Dic/2005,Ene/2006,Feb/2006,Mar/2006,Abr/2006,May/2006,Jun/2006,Jul/2006,Ago/2006,Sep/2006,Oct/2006,Nov/2006,Dic/2006,Ene/2007,Feb/2007,Mar/2007,Abr/2007,May/2007,Jun/2007,Jul/2007,Ago/2007,Sep/2007,Oct/2007,Nov/2007,Dic/2007,Ene/2008,Feb/2008,Mar/2008,Abr/2008,May/2008,Jun/2008,Jul/2008,Ago/2008,Sep/2008,Oct/2008,Nov/2008,Dic/2008,Ene/2009,Feb/2009,Mar/2009,Abr/2009,May/2009,Jun/2009,Jul/2009,Ago/2009,Sep/2009,Oct/2009,Nov/2009,Dic/2009,Ene/2010,Feb/2010,Mar/2010,Abr/2010,May/2010,Jun/2010,Jul/2010,Ago/2010,Sep/2010,Oct/2010,Nov/2010,Dic/2010,Ene/2011,Feb/2011,Mar/2011,Abr/2011,May/2011,Jun/2011,Jul/2011,Ago/2011,Sep/2011,Oct/2011,Nov/2011,Dic/2011,Ene/2012,Feb/2012,Mar/2012,Abr/2012,May/2012,Jun/2012,Jul/2012,Ago/2012,Sep/2012,Oct/2012,Nov/2012,Dic/2012,Ene/2013,Feb/2013,Mar/2013,Abr/2013,May/2013,Jun/2013,Jul/2013,Ago/2013,Sep/2013,Oct/2013,Nov/2013,Dic/2013,Ene/2014,Feb/2014,Mar/2014,Abr/2014,May/2014,Jun/2014,Jul/2014,Ago/2014,Sep/2014,Oct/2014,Nov/2014,Dic/2014,Ene/2015,Feb/2015,Mar/2015,Abr/2015,May/2015,Jun/2015,Jul/2015,Ago/2015,Sep/2015,Oct/2015,Nov/2015,Dic/2015,Ene/2016,Feb/2016,Mar/2016,Abr/2016,May/2016,Jun/2016,Jul/2016,Ago/2016,Sep/2016,Oct/2016,Nov/2016,Dic/2016,Ene/2017,Feb/2017,Mar/2017,Abr/2017,May/2017,Jun/2017,Jul/2017,Ago/2017,Sep/2017,Oct/2017,Nov/2017,Dic/2017,Ene/2018,Feb/2018,Mar/2018,Abr/2018,May/2018,Jun/2018,Jul/2018,Ago/2018,Sep/2018,Oct/2018,Nov/2018,Dic/2018,Ene/2019,Feb/2019,Mar/2019,Abr/2019,May/2019,Jun/2019,Jul/2019,Ago/2019,Sep/2019,Oct/2019,Nov/2019,Dic/2019,Ene/2020,Feb/2020,Mar/2020,Abr/2020,May/2020,Jun/2020,Jul/2020,Ago/2020,Sep/2020,Oct/2020,Nov/2020,Dic/2020,Ene/2021,Feb/2021,Mar/2021
Total,0,0,0,0,0,0,0,0,0,0,0,0,0,0,0,0,0,0,0,0,0,0,0,0,12393888,12117075,12248116,12881669,13881910,14167786,14447541,14448652,14351063,13994359,12906507,12363959,12475059,12217127,12897913,12860675,13856702,14170442,14281638,14328738,14122402,13726523,13094646,12352527,12646760,12314965,13137600,12965279,13660419,14194206,14548834,14828088,14688086,14360555,13393343,12771128,12798679,12538889,12947065,13608741,14281821,15015709,15637767,15510075,15167552,15122562,14014753,13113281,13301249,13137125,13806773,13730365,14928333,15509791,16062937,16059323,15555512,15222307,14410368,13646484,13763373,13454178,14320429,14091197,15327132,15783090,16079768,16450146,16313747,15901219,14947356,14037303,14142310,14345176,14572517,15008707,16125863,16550561,16714906,16945880,16220060,15657495,14550259,13078824.3,13283404.86,13176885.35,14365636.38,14353843.19,15467211.38,15946102.09,16600781.31,17160087.51,16591526.84,16304474.13,14694912.94,13520571.09,13612295.18,13205574.38,14364603.39,14591628.98,15687722.87,16592014.4,17771349.06,17092181.18,17430953.37,16608250.57,15420717.56,14261586.98,14684426.08,14519837.06,15881548.45,16023986.28,17156142.06,18036878.33,18319442.21,18648384.08,18430635.54,17803458.05,16226831.92,15214320.9,15336318.58,15146452.95,16329054.77,16555885.75,18032000.67,18583673.65,18757367.7,18990300.81,18661406.83,18118334.57,16738560.25,15230927.17,15597811.8,15210266.39,15796672.38,16582729.56,17780313.04,19056986.65,18857612.77,19195382.39,18508018.59,17884384,16534951.77,15124864.47,15527359.43,15292719.63,16460154.81,16768325.75,17896194.6,18384779.58,19008679.33,19462585.39,18794919.81,18315186.39,16612577.78,208014.9,15733183.27,15446115.68,16670678.01,16906989.12,17879130.11,18533579.25,19096084.99,20027458.89,19737918.79,19048162.39,17259194.91,212200.8173,15719096.64,15903360.37,16540913.41,17723148.33,18874169.2,19647931.9,20194861.34,20368074.63,19746646.61,19232379.43,17757131.35,218072.3,15879621.81,15618754.93,16721993.14,17029084.28,18566215.79,19546783.5,19705310,19665722.47,20799209.93,18337434.54,18244097.46,215309.9,0,0,0,0,0,0,0,0,0,0,0,218083200,0,0,0,0,0,0,0,0,0,0,0,218929600,0,0,0,0,0,0,0,0,0,0,0,97107700,0,0,0
Aguascalientes,0,0,0,0,0,0,0,0,0,0,0,0,0,0,0,0,0,0,0,0,0,0,0,0,151231,140175,139327,158455,174784,170128,162863,144393,149626,145378,146132,134511,149802,144112,147981,153066,172230,166519,162057,142357,144865,121201,147538,140664,159756,142192,152356,143261,167451,155954,148467,151255,153032,148172,156153,148000,161441,152864,151131,167043,184123,181766,189924,171123,169516,172433,180107,161393,172950,164946,180002,178959,189873,197598,204705,185334,164100,171179,173219,168923,206758,173050,190849,188654,207159,188564,163719,170860,184596,179918,184913,171241,183022,173632,185069,192859,215073,202610,186381,183382,164444,170347,176120,154175,167774.42,159626.92,175067.59,173929.21,189316.32,184802.49,186218.81,199628.67,185340.12,170588.12,179959.59,165658.54,167515.63,153733.88,173407.19,189001.22,195154.6,206221.72,195108.24,182275.93,188772.74,186438.66,194157.88,174623.79,189880.2,181179.39,200464.91,194363.74,216194.68,221346.83,210807.92,209066.51,203925.66,197715.66,204932.41,190282.03,199442.98,187081.44,191412.26,197500.58,224699.75,225761.9,209136.02,206285.95,212131.17,214379,208308.52,192319.6,195691.58,186590.9,199176.78,211841.65,221706.33,212451.94,206780.07,204279.73,207584.99,193769.61,199640.27,189010.11,200039.93,201704.83,219235.95,219791.84,231106.58,219713.72,220734.18,233110.68,227550.74,230835.49,226191.37,2628.6,222551.13,209715.18,217737.56,217369.22,248225.28,240941.29,226341.35,232597.43,235971.74,230516.44,218664.31,2709.448397,216418.66,206021.83,215441.61,233767.39,253459.05,249728.7,244353.11,230633.72,223208.75,233276.46,233795.18,2752,225869.12,218605.07,240531.83,236578.55,258032.27,258574.92,260455.03,234085.3,261068.38,208852.44,262349.58,2863.4,0,0,0,0,0,0,0,0,0,0,0,2855500,0,0,0,0,0,0,0,0,0,0,0,2911300,0,0,0,0,0,0,0,0,0,0,0,1302600,0,0,0
Baja California,0,0,0,0,0,0,0,0,0,0,0,0,0,0,0,0,0,0,0,0,0,0,0,0,573853,537868,540153,543137,610939,666319,790528,809137,793624,679316,607908,524974,590960,527530,562353,562022,603170,693333,805939,855902,850492,766754,671773,559363,600340,571530,610574,620646,676993,735407,823168,907603,861485,747307,650290,585188,617641,559917,610427,627736,651544,758560,869025,938722,864065,747759,646226,604726,631985,600801,659786,615436,693912,842839,972483,1003329,953652,801938,697445,631597,660869,630895,661417,645698,705818,806334,936819,1012356,1007197,808022,711480,636226,663704,655804,659538,679647,710430,808204,956445,1076591,997277,883700,722109,595488,627888.81,600656.55,629252.04,636984.51,719268.18,793591.54,940189.82,1026115.31,979403.38,839813.84,684426.11,612672.46,634219.63,614369.97,652466.91,570864.36,671344.24,752720.23,933146.57,991191.4,938993.79,854647.35,717127.72,617832.41,654570.82,620837.58,675340.78,657666.86,704048.12,765047.64,974277.84,1033671.17,1035669.29,843112.95,706599.14,646053.72,678962.25,642585.3,686285.54,677252.44,765091.54,859742.37,978167.9,1072648.16,1027561.76,922813.02,742843.84,627551.83,655483.1,622084.99,655560.8,690498.49,744974.08,860380.54,995133.45,1032288.03,993708.24,854084.36,697409.14,624553.12,672639.52,638217.9,668815.66,693684.21,755088.3,882990.64,1031268.53,1090240.88,1056862.96,942565.27,748265.2,9815.6,675672.82,654324.06,690842.72,722805.26,746076.75,802511.51,1017229.85,1096290.16,1131053.04,1013306.2,813612.65,10011.82079,698770.57,681604.3,708086.99,738504.99,767299.64,929026.39,1106006.86,1194916.1,1128042.73,934058.75,842658.36,10457.7,729502.72,703681.95,766812.23,787010.32,816538.41,917801.72,1132114.97,1187262.79,1186536.65,885113.07,826085.79,10785.7,0,0,0,0,0,0,0,0,0,0,0,10823800,0,0,0,0,0,0,0,0,0,0,0,10489800,0,0,0,0,0,0,0,0,0,0,0,4469800,0,0,0
Baja California Sur,0,0,0,0,0,0,0,0,0,0,0,0,0,0,0,0,0,0,0,0,0,0,0,0,76944,73620,72883,76134,85429,91579,95786,108545,109710,109593,98811,82979,76985,78299,75011,79643,86478,93056,99294,119527,110090,112421,102397,92894,84350,74543,100159,90415,81365,94532,113898,125899,123011,117329,107259,97651,86473,81633,84653,92160,100532,107041,113436,135072,136164,143598,126643,111016,94816,94184,96359,101750,107777,122484,139184,149883,141895,149202,134359,116428,105801,99158,108944,106316,110801,126309,142275,161355,162624,165074,150786,138537,118157,113901,118400,122654,140256,145386,161820,177975,178247,179208,168346,144613,131341,124344.53,130419.29,129869.02,136334.36,148814.34,164499.95,180832.61,184779.63,177597.84,157866.49,138308.42,128913.43,121455.72,129292.2,131921.27,138997.91,147565.93,156034.5,175360.32,182902.07,186842.45,161644.14,145508.17,132968.4,124031.86,135432.16,135349.24,145875.56,155889.18,173749.49,194159.5,204889.31,212572.81,194399.86,161020.21,142786.46,136180.53,140037.57,144113.74,151935.63,164201.24,182863.56,203184.84,202903.79,206513.52,185998.6,163218.27,146112.16,136736.27,144558.6,150063.09,159930.99,168608.06,189569.83,207608.6,205015.9,208309.72,181198.68,161545.29,154330.96,145005.91,154973.8,157855.85,177239.56,194031.24,217578.73,227864.98,192333.43,169658.99,173539.06,2116.5,143605.16,134620.41,141220.2,150554.96,165794.08,171687.55,207488.25,231361.05,237621.96,233775.54,211080.73,2201.651711,157397.56,148817.82,157654.84,161099.47,175816.53,188541.41,221973.98,235949.03,231472.27,237260.8,231940,2342.5,164554.46,152715.56,162197.51,166178.83,178738.85,185222.77,219764.01,248762.27,259499.14,224008.01,253241.34,2366.8,0,0,0,0,0,0,0,0,0,0,0,2561200,0,0,0,0,0,0,0,0,0,0,0,2595900,0,0,0,0,0,0,0,0,0,0,0,1010600,0,0,0
Campeche,0,0,0,0,0,0,0,0,0,0,0,0,0,0,0,0,0,0,0,0,0,0,0,0,52889,55632,49016,56045,65181,67681,65484,69705,65140,64296,64644,61202,57440,57135,59859,62219,69405,76821,75324,74123,71056,79795,68060,64090,59136,59996,59821,71429,67679,76824,75476,83290,73422,82143,69855,67118,59942,64081,59947,74948,73894,86865,77373,84922,78755,82338,76904,69334,64663,63750,65374,71660,80125,87737,80613,83379,82872,87893,77282,72711,68429,71763,68205,74074,85357,88944,89190,92496,86745,84700,81831,74673,74764,75382,76862,83074,93889,96377,92590,95127,94860,93523,82001,73686,74051.6,72380.86,75397.06,89992.98,97568.07,101229.02,101470.4,102345.07,101338.59,103484,92898.05,89267.72,77550.97,74865.68,74180.31,84905.02,95195.85,106766.12,106460.83,103410.94,99946.52,98073.06,89875.69,83418.66,80389.75,77529.3,85263.36,97609.38,107248.87,113549.32,107218.75,107376.33,110305.65,104300.66,92081.96,88376.06,82186.66,84334.01,94225.2,101618.58,110807.53,111677.03,109461.95,109820.16,111678.7,111968.57,102571,92937.02,91727.13,90053.17,89763.15,98811.69,113863.03,116314.76,113098.46,114588.92,112781.33,112077.27,109293.65,96076.11,90397.1,88446.33,95462.36,106997.32,121485.77,115080.48,120505.47,126003.31,123073.38,117958.36,103593.63,1299.3,91770.93,86628.22,94074.95,108787.84,123020.01,122853.68,123381.29,123755.84,124802.94,121828.93,115606.38,1340.84327,99071.74,89119.28,92073.19,107043.34,126744.47,139145.26,135009.09,123464.82,129107.34,117989.18,116672.29,1388.2,98895.6,90816.9,102390.03,108189.25,118409.79,124148.71,125448.15,118315.13,129359.63,123473.79,112952.57,1340.4,0,0,0,0,0,0,0,0,0,0,0,1315600,0,0,0,0,0,0,0,0,0,0,0,1388300,0,0,0,0,0,0,0,0,0,0,0,650000,0,0,0
Chiapas,0,0,0,0,0,0,0,0,0,0,0,0,0,0,0,0,0,0,0,0,0,0,0,0,143827,141717,135314,144224,153769,150439,153255,148388,149692,149315,145780,143651,143120,144671,150167,147806,155460,161159,145358,157057,155824,153118,152905,152945,144097,153264,157898,161798,165693,159712,162651,158623,162593,161510,164462,159921,165182,161137,161586,165971,187427,171342,175932,168906,174041,167285,171119,167701,171427,165302,176956,173960,183310,170421,183539,174641,182132,175297,184506,174720,182721,176904,184542,182133,195005,189310,196114,187859,189336,180946,187835,188102,196581,185951,197845,194697,212626,195718,206511,194857,205020,196130,202602,192085,199001.92,193406.5,206052.3,203162.82,216297.58,211294.14,216083.65,210326.93,218768.81,213557.54,212340.4,206922.97,203268.57,199889.55,211161.27,211792.82,229765.05,217772.76,224770.74,212651.42,216002.34,210229.94,216958,205189.37,217108.77,250217.17,221026.33,230221.22,246597.91,234142.11,226088.41,228344.59,222692.69,225590.56,216891.36,218246.17,217328.56,220742.85,228427.89,234248.43,240453.91,239202.64,233837.82,233988.19,233630.61,233918.66,230098.59,225760.6,228166.06,226555.35,227128.12,236076.03,247856.3,244483.22,239384.6,239008.86,234577.33,235612.38,237251.21,228458.6,227090.5,225799.61,242619.31,248745.91,253627.59,240472.74,249062.72,256854.11,247998.21,242554.77,239868.45,2912.4,229346.52,222675.98,239169.04,249971.43,261206.86,260635.31,260919.12,274382.85,269790.27,266329.99,259277.76,3054.574426,262743.95,251938.44,259452.13,272043.14,292507.38,278832.08,272071.66,281725.56,283788.89,277052.46,257843.49,3256.5,247630.42,251675.37,257469.77,258581.63,267938.27,256351.09,255452.05,257848.05,268467.01,262278.34,308524.59,3086,0,0,0,0,0,0,0,0,0,0,0,3096400,0,0,0,0,0,0,0,0,0,0,0,3339700,0,0,0,0,0,0,0,0,0,0,0,1636100,0,0,0
Chihuahua,0,0,0,0,0,0,0,0,0,0,0,0,0,0,0,0,0,0,0,0,0,0,0,0,532717,543875,535651,618500,690386,748096,768432,796025,725385,738033,583377,510523,516375,545489,536974,632412,683742,773871,782429,858383,830583,748961,596295,549759,555245,574275,587089,634400,672680,774183,821882,859694,774152,744393,591743,544525,561705,565313,563689,677052,742639,827416,911528,972094,840940,823569,679211,608716,609176,621935,647297,736223,836678,913777,959615,930992,821479,739059,684571,622012,633259,622789,643539,729910,827431,861497,924293,993337,898987,860338,716163,620743,646156,655194,661668,763666,862033,922017,1002786,901031,774153,756898,673192,571907,571703.76,602170.12,624471.35,719989.95,832769.11,851642.87,917243.67,968089.84,913082.4,822795.54,654504.6,618691.51,618448.48,617707.13,632617.58,748990.48,835756.19,961262.85,1042322.44,976577.44,971097.61,894394.64,696514.5,628253.69,631237.6,650845.26,691626,809395.68,904029.61,1063991.97,1082697.59,1148362.23,1058184.28,1054085.47,757794.73,663406.22,649370.12,673530.65,737801.67,837773.71,970494.13,1064444.21,1151626.85,1128604.03,1117471.42,987953.44,763504.9,661446.8,678838.74,687086.5,729534.99,898363.48,997645.02,1153552.06,1173214.4,1086745.05,1085867.9,921260.86,765014.53,658934.08,797712.06,708738.35,796655.45,980688.64,1045158.3,1212874.25,1259458.72,1175476.82,1011696.03,897493.86,724164.59,11283.6,704129.13,734548.55,891458.42,945380.37,1060194.1,1247505,1197185.23,1267335.89,1285904.72,998272.11,763806.69,11786.48963,718086.06,805677.74,904800.06,1055180.64,1206958.1,1291839.37,1320218,1282886.99,1085356.86,1015425.84,794278.46,12197.4,750573.64,747249.09,928480.77,1109754.09,1228311.2,1320074.24,1306817.17,1112368.94,1325145.16,1068726.54,885041.33,12515.5,0,0,0,0,0,0,0,0,0,0,0,12699400,0,0,0,0,0,0,0,0,0,0,0,12949700,0,0,0,0,0,0,0,0,0,0,0,6113600,0,0,0
Coahuila,0,0,0,0,0,0,0,0,0,0,0,0,0,0,0,0,0,0,0,0,0,0,0,0,688749,648625,682932,675506,798494,803173,840344,821718,814343,789275,728557,666101,699406,663304,716165,655872,752669,782255,810202,804209,753492,735798,701458,666521,692167,646698,725593,670019,634783,696198,721874,755944,736320,715422,641082,592260,599476,574916,616679,696794,666316,773839,862587,763357,773047,752879,685321,607336,647962,603435,764667,717636,732962,755519,809585,740892,762506,725690,670638,620819,630570,647231,745082,652165,725137,745646,769917,789534,862658,773553,716646,631864,668884,755024,698758,724415,767829,782854,832951,828645,846002,780583,665852,576739,596042.91,575898.8,697344.34,680342.41,665724.89,703713.13,857675.5,1000662.59,949615.59,937403.59,727385.43,615105.59,650298.46,651756.95,658789.33,740225,762541.78,871302.21,839573.73,870085.1,899863.61,862897.96,744125.93,693331.93,722002.97,795232.34,764508.83,809796.64,892744.66,922427.99,941694.17,978492.82,1003917.8,863442.78,793633.43,754303.51,737278.82,725865.19,813242.12,801702.13,904572.93,943601.53,955007.53,972566.08,915782.3,868178.74,811089.87,741124.48,784295.55,751968.24,832073.53,778469.31,876043.44,900691.95,972865.57,995679.82,987905.38,930521.44,850110.52,795118.68,818344.58,794763.84,833977.1,870697.3,891804.64,904884.2,950335.42,1017819.76,972048.51,943681.84,799145.54,10551.6,760277.97,771803.92,966137.42,848602.3,859018.75,915783.86,947299.01,964463.7,972943.46,949978.17,792465.48,10462.8533,712508.76,725273.6,798200.61,795031.52,864774.77,951470.04,984794.14,976559.7,988099.91,892983.01,797085.93,10211.9,755075.77,745102.16,748845.79,776702.43,892422.62,955521.62,983203.76,1006823.18,1070001.44,882212.47,813481.35,10393.4,0,0,0,0,0,0,0,0,0,0,0,10601900,0,0,0,0,0,0,0,0,0,0,0,10920200,0,0,0,0,0,0,0,0,0,0,0,4512500,0,0,0
Colima,0,0,0,0,0,0,0,0,0,0,0,0,0,0,0,0,0,0,0,0,0,0,0,0,106367,99032,103815,105876,103117,110019,112122,115764,111222,108317,104406,109434,88154,95097,101250,96373,97808,99522,96585,103065,92710,97610,97010,98241,91983,86255,94277,97242,103022,103489,104270,108741,105906,106311,106741,107090,106158,96054,101587,106228,113946,118150,114354,118491,111462,118341,116139,118949,112884,111591,115054,120020,117039,123584,124889,124720,117612,121394,119931,117470,118395,115006,115094,116469,127765,124389,130890,129834,125514,127538,125346,125941,121403,119913,120736,125704,134309,128434,126517,133538,122122,130193,124984,128562,122745.62,117883.18,125543.98,117688.01,126873.03,134071.97,129724.33,131412.96,129522.99,132087.15,122728.89,125541.67,119641.03,110567.96,116782.32,120689.3,124334.95,131017.35,132297.33,126187.18,130232.08,127067.87,132917.06,124888.64,123588.07,113452.17,122619.13,124037.3,133688,139767.12,133088.57,135670.98,134069.3,133912.01,133183.51,123127.33,129980.15,123044.17,127711.55,130337.46,140061.01,140462.89,144018.78,143141.62,145111.54,147441.06,146210.47,145509.4,142202.57,137554,140527.64,135638.05,149349.63,151681.03,149287.03,151085.08,147111.63,144947.29,144846.88,141319.95,140766.49,135919.24,137902.09,144467.12,155836.28,148683.65,149743.06,158043.58,148537.02,149372.95,147603.28,1759.6,143425.59,134166.77,138349.28,139857.35,146159.96,149523.46,153044.2,162560.68,159721.64,156364.91,150532.47,1787.273609,145508,140868.08,143498.36,148199.97,152126.71,156859.32,160111.16,160554.2,155609.47,163873.5,158593.35,1842.1,155685.36,146055.63,160812.65,154947.01,164255.54,165891.78,172714.38,177519.13,167770.85,162846.17,174945.67,1963.8,0,0,0,0,0,0,0,0,0,0,0,2025400,0,0,0,0,0,0,0,0,0,0,0,2058500,0,0,0,0,0,0,0,0,0,0,0,1021500,0,0,0
Distrito Federal,0,0,0,0,0,0,0,0,0,0,0,0,0,0,0,0,0,0,0,0,0,0,0,0,1130043,1058305,1097455,1090320,1081902,1085244,1108408,1038229,1126947,1106731,1122466,1140941,1149730,1083941,1104767,1099290,1150864,1087190,1044150,1064254,1114483,1104619,1137214,1111562,1124653,1093974,1100321,1052816,1128594,1082733,1088239,1077298,1153830,1129805,1138985,1124275,1137133,1077049,1097274,1101217,1136220,1103676,1121079,1097984,1114471,1154545,1129480,1096375,1107488,1058705,1058373,1092421,1172598,1123353,1107986,1122894,1126381,1131930,1129456,1144743,1152289,1109114,1109440,1102787,1130932,1085636,1127797,1116098,1177009,1129852,1151502,1158149,1158363,1138999,1157070,1121283,1157998,1176327,1183343,1223628,1155694,1163331,1164256,1144287,1163701,1192329,1296403,1189267,1329906,1270143,1135358,1154232,1155052.49,1108257,1079025,963176,991388.36,996560.48,1300406.59,939078.32,1003642.89,1091592.49,1514087.03,887848.6,1157531.46,1125541.33,1169180.07,1110414.06,1111263.48,1083149.93,1188321.11,1131838.98,1187314.01,1176266.38,1146634.59,1135446.73,1125523.86,1150887.59,1132444.53,1098019.01,1150205.63,1114698.54,1214773.31,1281856.15,1226527.94,1237805.33,1190634.11,1181665.09,1161069.61,1173741.15,1167230.35,1029031.42,1169798.55,1125278.29,1142443.59,1200592.8,1234924.11,1681742.56,1195191.47,1178922.91,1163158.52,1193416.43,1143639.31,1133906.34,1166839.44,1111591.27,1185452.01,1167975.26,1207046.65,1178869.69,1198798.03,1214445.12,1191438.95,1232871.28,1229699.52,14300.6,1159610.23,1123970.2,1189363.27,1239366.39,1204068.67,1228135.19,1220321.02,1235411.45,1212121.57,1228232.86,1237418.52,14464.26411,1182371.04,1159570.39,1178906.84,1214130.3,1274609.24,1235407.18,1200797.79,1205781.41,1196509.73,1235077.19,1163881.2,14500,1171958.93,1113032.59,1143461.34,1087773.95,1184976.43,1172710.02,1152513.05,1118121.96,1182505.99,1114322.95,1134214.67,13621.7,0,0,0,0,0,0,0,0,0,0,0,13432400,0,0,0,0,0,0,0,0,0,0,0,12910500,0,0,0,0,0,0,0,0,0,0,0,5860300,0,0,0
Durango,0,0,0,0,0,0,0,0,0,0,0,0,0,0,0,0,0,0,0,0,0,0,0,0,180953,182280,168835,182149,203232,214441,210648,213022,202560,201979,192911,180955,181877,178328,173499,191905,208554,220721,212341,205215,203657,196043,189384,184766,186451,179972,182743,198625,201686,220740,222318,226674,220873,214564,207016,199068,199377,192538,190994,212201,222880,239300,247550,239386,220609,226945,207526,199612,201500,197322,196243,209288,215892,230273,233101,228095,223231,208041,208667,197300,193203,201720,205171,220024,234547,250511,245558,241825,242745,233830,236133,217235,216610,218202,214763,223542,253727,245524,259929,252161,234613,220126,206623,194072,197699.62,197665.36,200600.93,212543.68,237390.2,207995.39,263002.54,243769.16,237488.83,229832.46,225526.97,235921.99,189100.64,207230.45,203763.49,245955.65,220716.09,275387.53,262359.39,241002.36,259703.21,244462.18,238821.16,221570.88,222846.12,215133.48,223329.52,233924.54,255861.83,267092.23,282044.71,271270.21,264843.05,255971.28,246176.87,227326.82,238208.88,223495.44,225694.3,224857.76,262074.52,266397.69,269857.32,248126.64,253467.97,245514.87,234197.86,220615.55,214617.86,213917.81,216374.9,232091.24,262020.75,305315.15,283477.84,239704.9,242131.88,249383.01,243608.88,215985.94,266065.36,216413.86,272365.25,222133.92,265302.61,269451.79,293498.52,267550.41,257269.81,248919.87,238434.94,3041.2,219092.39,216692.72,307692.98,250873.71,236594.23,266658.71,259513.82,263891.06,278755.21,282041.1,237254.26,3059.561739,257611.91,247532.29,255175.62,290925.48,313433.39,274352,287953.2,292814.49,287260.33,299696.32,247075.77,3300.2,224476.25,211684.63,247155.82,248456.85,303879.12,309496.81,278363.32,275683.74,314722.58,248301,263741.56,3140.1,0,0,0,0,0,0,0,0,0,0,0,3237700,0,0,0,0,0,0,0,0,0,0,0,3383100,0,0,0,0,0,0,0,0,0,0,0,1572400,0,0,0
Edo. de México,0,0,0,0,0,0,0,0,0,0,0,0,0,0,0,0,0,0,0,0,0,0,0,0,1280813,1248397,1211540,1328848,1275080,1277368,1263211,1252215,1300427,1242141,1199117,1321768,1210561,1220864,1259405,1259596,1299078,1274655,1194786,1208571,1203053,1182167,1220887,1198405,1209783,1237371,1236903,1240877,1275517,1229937,1214282,1220993,1256727,1274420,1218365,1252692,1262078,1241646,1223772,1278097,1315125,1298844,1269177,1288934,1302520,1367003,1296287,1298133,1262002,1296892,1260050,1269436,1303046,1313630,1284947,1308129,1306596,1280642,1254169,1309192,1262718,1283390,1280868,1318609,1379766,1294542,1293910,1303287,1340347,1273004,1276967,1341306,1303202,1315149,1295905,1298427,1314612,1306909,1292505,1341639,1283675,1279586,1274096,1251153,1167553.83,1232411.31,1449363.26,1261205.12,1354327.14,1357452.94,1257693.01,1259827.06,1175999.26,1332321.53,1253343.58,1131760.35,1112648.39,1321694.71,1379610.44,1289615.1,1316413.94,1219513.52,1427206.01,1434690.02,1389871.24,1436150.78,1438511.14,1323628.5,1323979.39,1400446.7,1468115.38,1361301.54,1435148.61,1440872.97,1419283.51,1466072.48,1414170.33,1406133.82,1354396.38,1390891.81,1425385.27,1432469.55,1479533.32,1391374.14,1515290.4,1508656.36,1528707.29,1487134.97,1414151.61,1494521.48,1426765.72,1393558.6,1454512.72,1401396.57,1407725.23,1496200.94,1515647.74,1652946.38,1485830.94,1516522.51,1459160.84,1501979.66,1478045.79,1387681.87,1433017.45,1466238.18,1515391.78,1452710.01,1506013.12,1578813.39,1491644.2,1513294.8,1498056.96,1541279.8,1500181.35,17959.8,1507031.4,1442227.31,1533252.81,1582819.15,1568839.02,1569556.55,1495129.63,1533507.87,1466364.71,1567128.75,1541495.72,18337.67789,1492165.14,1499692.71,1481181.05,1566361.4,1567137.32,1550134.87,1540834.59,1531354.95,1490448.99,1560008.69,1586784.37,18428.5,1485289.2,1429425.42,1490791.41,1468624.12,1527916.25,1548410.41,1459517.55,1504924.57,1558189.33,1437949.91,1580140.43,17838,0,0,0,0,0,0,0,0,0,0,0,17846900,0,0,0,0,0,0,0,0,0,0,0,17489400,0,0,0,0,0,0,0,0,0,0,0,7936100,0,0,0
Guanajuato,0,0,0,0,0,0,0,0,0,0,0,0,0,0,0,0,0,0,0,0,0,0,0,0,579518,564958,556627,605717,685161,646501,575892,534440,531617,514783,529028,493426,587904,587333,609234,628706,662177,613410,556256,515547,504241,533175,503016,515610,595141,547603,641946,621775,656662,604175,537892,551146,562520,552528,588597,563016,590654,624881,601054,661273,672510,703270,683409,592502,587837,622134,618359,617264,649497,629081,666689,713984,699312,664525,691766,651255,601586,655722,623700,667103,652134,661813,756852,699175,763880,811264,622104,636195,627438,653743,702689,665029,728281,732297,768666,800613,845804,826022,683801,671335,633209,669669,674440,603030,715500.85,720895.95,768808.88,766468.06,789606.61,791242.88,747330.31,835653.7,792453.36,704069.08,713152.28,724289.68,757989.09,701241.24,753640.04,859761.64,876581.87,898109.3,801156.45,755193.44,805138.69,714249.28,759987.12,805960.16,842275.4,820347.44,892317.15,895119.02,907630.38,979428.35,871945.18,852198.98,849398.79,863603.16,813727.35,856222.32,868655.59,837222.61,932070.64,894837.27,983182.49,977401.25,868876.61,829492.28,851304.95,869574.29,863874.08,832946.84,902734.14,894253.49,917540.66,905546.56,983710.67,938000.24,821512.2,855037.2,844715.27,869551.69,802689.85,770751.3,865727.8,887058.95,960227.63,982339.69,1019556.45,900973.57,869867.35,929532.45,878069.68,912795.7,880169.55,10948.6,945293.81,995117.1,1002257.92,881332.76,982680.06,946214.34,899303.7,942110.96,934477.19,980895.55,947383.97,11369.95085,985957.74,970764.72,1013648.53,1056613.78,1096607.09,1075804.41,984146.7,970280.51,939840.38,985755.69,957852.72,11943.1,1001993.88,1026650.75,1075926.16,1035582.51,1122492.47,1114832.02,1006012.45,939770.68,963537.57,950882.45,977290.58,12188.1,0,0,0,0,0,0,0,0,0,0,0,12003100,0,0,0,0,0,0,0,0,0,0,0,12033900,0,0,0,0,0,0,0,0,0,0,0,5754400,0,0,0
Guerrero,0,0,0,0,0,0,0,0,0,0,0,0,0,0,0,0,0,0,0,0,0,0,0,0,184576,182191,180701,192835,193247,199014,189833,199412,190730,194083,189850,194500,186929,204357,189262,197371,201295,205877,197038,204270,201203,202175,202867,206777,195242,195881,191844,210966,207990,208138,210090,211015,206222,208183,208086,215206,205963,207390,201330,209578,213655,222983,226194,213956,217908,216762,214718,223973,209904,211635,207153,216271,218328,221379,220280,225540,222340,219925,221264,227707,218882,222138,216448,226065,231313,235352,231003,231333,220410,232779,232689,234242,222650,228097,221006,226989,234615,235029,213390,221499,211784,219522,220261,204705,219345.49,218209.98,210260.91,220364.54,226395.19,222323.44,230074.57,243705.76,225178.92,232551.87,225155.97,225216.03,214774.67,209215.91,211258.02,229780.11,230004.75,232334.05,227075.1,224028.29,224063.8,227729.04,223407.21,225727.14,220947.85,214821.25,214794.79,232901.71,239675.33,248891.38,234088.61,231142.18,225788.91,229274.74,218966.74,230181.58,220184.61,224772.08,222130.24,231501.55,235232.98,243809.81,243175.92,240830.13,233345.66,233914.38,231843.91,233179.23,230074.41,218141.01,218015.04,228978.26,241472.67,242006.75,243724.06,244416.79,226675.21,223008.07,225287.89,237638.94,228320.51,231860.22,223328.36,229877.72,243483.69,240192.82,239509.88,251650.95,240626.78,239494.68,229709.45,2832.6,230605.29,228744.72,231240.48,240808.78,252922.69,257206.8,246557.29,264737.97,252685.02,243153.82,245191.27,2952.077109,248917.61,255874.94,238582.08,237773.27,256043.05,257417.2,262744.54,258936.74,252115.71,256021.78,244394.5,3030.1,243392.19,236260.67,236153.18,243793.75,257641.71,258471.05,254026.28,264144.95,263962.85,272345.42,218649.24,2973.7,0,0,0,0,0,0,0,0,0,0,0,3099300,0,0,0,0,0,0,0,0,0,0,0,3177000,0,0,0,0,0,0,0,0,0,0,0,1553100,0,0,0
Hidalgo,0,0,0,0,0,0,0,0,0,0,0,0,0,0,0,0,0,0,0,0,0,0,0,0,256664,256872,263460,273830,257719,277572,277796,264172,283620,277316,278285,279235,278425,253642,281311,282156,277554,271726,276962,269654,272245,273404,277471,259595,268585,266012,291924,270788,245099,244183,235333,232355,247682,243098,232932,235803,233663,227365,231421,243130,250675,254779,255558,254047,255312,258757,248631,245179,248737,232388,252378,264062,226897,262503,269040,269376,273720,260164,273924,271997,263399,247857,258143,253804,264075,256928,269540,257581,274148,264547,268710,261916,247705,253989,269541,267377,268992,272400,257132,271298,269436,261071,258185,253820,222734.48,251745.12,286859.56,262248.46,294431.84,289695.07,257153.43,255623.69,201511,279863.9,248763.29,213770.55,194566.26,210484.76,239621.41,248808.27,254028.28,267178.42,353331.76,290167.75,289870.34,267325.21,264355.96,233655.35,283794.53,276010.32,296011.18,264534.29,302343.4,311716.78,304621.1,311917.66,292398.95,298742.56,328973.88,293069.88,288596.38,287240.68,315009.39,290488.34,317689.48,311410.9,323328.04,315579.82,327767.4,311887.2,307178.38,285786.77,302207.37,299289.93,310456.3,292959.26,323796.07,316300.91,335290.97,321377.04,294514.05,303799.68,287699.7,275299.51,285773.83,304641.77,311179.42,294993.5,310649.6,283291.43,284382.57,303099.95,312243.67,304771.37,287935.19,3554.3,284867.89,297666.31,316654.59,306833.35,319097.97,344441.06,318520.59,354817.77,314704.42,340975.22,335803.31,3848.704189,327520.6,325381.59,323359.53,338432.1,344886.5,344347.29,353972.87,339308.5,333115.11,337812.76,314470.05,3983.1,312949.86,314040.92,314315.61,354040.62,300478.61,341695.82,331177.58,336676.13,349817.7,323616.32,345252.18,3958.3,0,0,0,0,0,0,0,0,0,0,0,3913500,0,0,0,0,0,0,0,0,0,0,0,3919800,0,0,0,0,0,0,0,0,0,0,0,1904700,0,0,0
Jalisco,0,0,0,0,0,0,0,0,0,0,0,0,0,0,0,0,0,0,0,0,0,0,0,0,789482,749534,775088,817850,862540,819020,798844,819570,750526,793869,782337,760893,789477,764679,804292,796798,854389,821654,813987,793034,778132,780193,794504,763151,796704,771612,827061,803871,837450,814042,797376,802216,791025,799812,807712,776649,805444,772141,799303,829897,877313,873789,865418,849858,836736,867499,855233,817336,843257,806910,891633,856858,917549,924570,919860,879226,862232,874437,856156,828286,870190,826412,896821,878157,959744,927693,895029,917519,884059,933860,900695,861049,895641,897273,887092,939428,972862,952541,931087,927375,887694,926542,887391,849249,873206.89,856866.55,933157.6,908547.41,939127.11,958118.07,965671.06,960782.26,920971.21,946150.4,917092.47,902970.28,900908.48,835355.42,915759.06,940846.77,999332.12,1002103.35,982346.06,973563.86,960768.53,961189.95,947436.24,903627.24,930690.22,911735.92,998831.46,982374.58,1043957.15,1071043.36,1018481.43,1016658.55,1011322.37,1023313.04,983970.61,969107.68,973657.23,946297.66,1023511.71,1014111.13,1088759.27,1086914.91,1034609.88,1035513.05,1018786.43,1051419.16,1026405.58,976160.61,973332.74,957373.56,994098.76,1048788.03,1098083.16,1080356.63,1056272.6,1046716.76,1009462.69,1039158.98,1009929.98,952258.37,973374.08,976314.92,1039274.32,1041650.38,1097682.43,1057602.98,1030840.97,1040403.04,1009896.49,1027095.4,996734.29,12288.1,1010768.73,980947.43,1046702.86,1055720.34,1123696.42,1112789.49,1107498.43,1098755.77,1092412.01,1111649.01,1098282.75,12886.33941,1035626.14,1023243.45,1071792.35,1126625.02,1193211.39,1182189.39,1135032.84,1139407.12,1111436.96,1139757.42,1115934.18,13370.6,1058725.15,1039715.33,1126321.49,1115797.34,1199153.67,1223550.78,1123202.42,1146370.17,1144690.79,1087773.32,1157882.3,13542.2,0,0,0,0,0,0,0,0,0,0,0,13476200,0,0,0,0,0,0,0,0,0,0,0,13851200,0,0,0,0,0,0,0,0,0,0,0,6502600,0,0,0
Michoacán,0,0,0,0,0,0,0,0,0,0,0,0,0,0,0,0,0,0,0,0,0,0,0,0,338277,476294,511382,535013,593071,592902,567172,580061,528399,579702,466470,551167,574630,555531,607591,613389,618802,601769,547518,466729,570457,589702,567999,597759,605568,598896,620241,622968,642311,631413,617417,621296,591375,619768,602357,628044,609222,580245,625480,646618,641377,649693,610689,564959,500722,547450,538031,557211,656969,621149,599744,511033,648650,614046,580261,612529,587590,627034,612201,602538,633647,618370,654428,628071,645319,669121,558351,631771,575827,672991,641942,660199,679951,674175,666254,674151,697371,723054,685366,677884,636356,549039,486643,506622,451355.53,485194.19,482489.26,482995.85,514931.83,535482.94,478693.28,407090.66,403972.75,577941.59,547762.09,572038.47,574777.99,543667.33,591048.21,621578.41,626671.1,569098.23,540752.24,556625.01,546167.84,564464.81,561050.32,579767.32,637375.31,612700.41,663195.22,665460.69,629261.19,617899.38,594900.5,618622.3,583845.9,597770.87,587301.16,597903.87,563527.18,493134.86,653868.63,662649.17,669802.51,653298.59,587344.04,591200.49,630776.86,603345.54,620705.16,615480.11,646141.79,599440.67,638078.66,597839.5,621778.2,620814.33,632503.35,645006.84,591916.19,595864.81,580627.48,571038.17,574559.84,584362.15,618876.85,617086.83,637371.99,631561.21,553051.46,585189.56,579867.36,559491.65,518425.83,7022.3,598804.04,586168.92,538819.21,532622.82,621200.72,578642.56,586815.12,602666.82,606224.15,460274.85,441837.22,6623.150881,490305.57,539964.94,483914.22,588170.25,647329.71,641764.75,557793.67,598606.82,593297.7,600294.28,549514.19,6802.1,579378.86,618763.87,653677.28,644659.58,707001.13,719444.39,621453.15,609687.33,696323.34,671820.32,698094.72,7729.6,0,0,0,0,0,0,0,0,0,0,0,7819200,0,0,0,0,0,0,0,0,0,0,0,7807700,0,0,0,0,0,0,0,0,0,0,0,3692000,0,0,0
Morelos,0,0,0,0,0,0,0,0,0,0,0,0,0,0,0,0,0,0,0,0,0,0,0,0,160434,166467,160847,170853,170565,171100,161794,167208,158813,165978,156535,162408,157426,167118,169290,173628,175893,178507,158776,164216,158680,165073,161785,162037,160713,165431,164113,175654,171408,174449,165659,169144,163467,174464,160589,169521,169349,169817,166675,179683,178063,188340,179897,181291,172502,181057,168338,181609,172492,174631,173905,183675,184911,191288,181115,183117,174611,186658,174128,180047,181785,183144,181788,189194,192587,197973,183241,194766,186189,189997,181521,190248,186085,193541,190445,199979,198178,206393,194120,202907,188187,198886,190344,186959,193484.97,189046.54,193927.17,199497.08,210363.2,213745.61,193911.62,197915.42,199119.71,200578.66,191325.35,180778.61,184501.49,188773.71,194963.69,196290.81,215586.38,216237.79,213660.98,195699.95,202426,193054.16,204698.73,195358.8,202260.96,200550.76,205894.37,212510.83,217544.07,219258.43,210438.87,206882.72,202350.56,205164.13,195737.43,196820.66,203739.56,199190.53,217796.96,212797.68,228844.63,221295.24,216918.48,214324.78,215426.09,212307.44,212458.13,206105.45,213065.36,200517.73,213558.04,216200.55,235165.5,232410.11,217498.05,216494.47,213872.33,215614.35,217319.52,205633.95,214680.55,218774.45,225602.84,220329.41,233475.53,222642.29,216769.92,223840.97,216625.58,223783.45,213974.35,2636.6,217477.14,213116.37,225396.68,229225.07,222145.05,211091.03,206232.22,215258.03,208312.51,209373.39,206203.36,2566.129489,203717.12,211743.8,223195.56,234909.4,248237.47,245153.35,236762.08,226581.37,225184.64,229077.9,221067.86,2725.9,232873.61,226823.26,236915.96,230247.66,257470.55,244780.33,233814.05,231426.52,235907.39,233849.56,199962.92,2772.3,0,0,0,0,0,0,0,0,0,0,0,2788300,0,0,0,0,0,0,0,0,0,0,0,2553200,0,0,0,0,0,0,0,0,0,0,0,1221400,0,0,0
Nayarit,0,0,0,0,0,0,0,0,0,0,0,0,0,0,0,0,0,0,0,0,0,0,0,0,60673,63814,58524,65929,68816,74891,71109,79145,71395,74073,64109,65963,59847,63520,60135,66311,68756,77342,75171,81577,73550,77954,72995,73550,68387,67735,67616,70505,73598,81345,79911,86513,75877,84573,77305,77608,72859,74418,67915,76040,75790,83657,85086,92914,83323,94021,85679,80876,74547,74561,73921,80745,83953,95087,94757,98292,90486,94177,89117,89952,80827,81456,77138,82997,87811,95762,96772,105805,97556,104691,95510,92133,86385,85780,84562,89500,94620,103036,106056,112389,105418,110146,102608,101084,90577.81,89673.42,92896.74,98994.44,96443.22,103356.77,105057.46,117192.65,110130.79,113763.09,107556.24,104488.12,94265.82,90732.57,91565.51,98446.65,103012.46,110409.79,110708.41,119102.63,112867.22,117475.45,104257.6,97674.64,92573.89,90354,96434.6,100206.04,106462.34,120838.31,120209.62,125142.62,120225.39,125275.48,114072.2,109868.21,95616.97,95808.35,97614.17,102807.99,108487,117747.3,123238.17,127477.01,119998.71,126302.48,122703.19,116450.3,102835.36,99318.48,97792.25,107171.62,114908.33,121184.59,125332.35,130927.48,123494.17,126919.45,123190.71,115379.19,108442.31,104342.45,105687.78,111706.65,122522.7,129631.85,136440.22,132033.35,127997.24,125764.9,121314.51,1439.1,109645.08,105520.06,111191.53,118290.29,125251.1,136040.9,143143.39,142944.84,136686.65,140059.73,138647.28,1534.127711,110783.48,108497.55,112883.07,120281.85,130976.56,142145.24,149255.65,147966.62,141451.96,144763.47,140202.55,1582.2,114048.83,107837.17,114027.69,118343.2,126726.97,135669.75,143163.93,152701.86,144595.98,140776.04,142277.96,2578.9,0,0,0,0,0,0,0,0,0,0,0,1589400,0,0,0,0,0,0,0,0,0,0,0,1656000,0,0,0,0,0,0,0,0,0,0,0,725100,0,0,0
Nuevo León,0,0,0,0,0,0,0,0,0,0,0,0,0,0,0,0,0,0,0,0,0,0,0,0,1094427,1037475,1101648,1114952,1242516,1305455,1347840,1376819,1440607,1303039,1043735,1012654,1013797,1005953,1089806,936986,1103089,1155658,1222905,1205103,1148146,1059480,952900,912315,926134,905841,971370,989115,1070385,1158234,1253305,1299572,1239367,1184825,1057030,979231,953235,1044536,1067444,1046064,1143878,1226045,1303666,1323329,1289396,1228553,1110853,966089,998935,1170963,1099741,1092280,1269201,1334014,1357789,1442505,1318019,1262568,1182726,1007566,1045113,1092746,1134594,1084904,1231390,1339670,1348956,1428944,1357382,1354685,1191140,1109790,1087083,1208865,1170398,1214456,1380523,1468533,1465898,1492519,1322106,1260539,1062843,950358,1007154.89,1003775.44,1177375.1,1089027.62,1248555.19,1364133.54,1510622.88,1538076.91,1432028.87,1347044.01,1114779.85,1025201.25,1110363.05,1038145.87,1187530.77,1144410.51,1317846.7,1485145.42,1493528.26,1500952.78,1548024.08,1385871.97,1215267.02,1085795.44,1138464.26,1154291.53,1496648.09,1330768.6,1478480.08,1593500.92,1664941.68,1677831.97,1634172.44,1521162.97,1329392.95,1167797.75,1247320.9,1344543.41,1430837.33,1441654.97,1627337.57,1668874.71,1697358.02,1746385.69,1711098.31,1561348.35,1349082.96,1141786.76,1193220.15,1201012.82,1248525.99,1326254.95,1401554.94,1536471.88,1637333.41,1813202.17,1581450.5,1480473.99,1305524.99,1201493.67,1218257.04,1239757.86,1364827.32,1400663.15,1409426.63,1537416.29,1696623.54,1789617.14,1707844.72,1593766.31,1347423.15,17500.3,1286353.7,1258806.59,1473245.64,1449690.87,1421409.54,1531897.86,1685370.03,1772986.09,1732221.47,1673293.22,1353179.78,17864.14264,1220604.27,1267337.14,1355746.08,1530373.35,1572656.13,1724226.89,1814563.01,1900583.9,1836025.65,1680112.6,1479052.49,18609.5,1152104.77,1178080.6,1282323.31,1305208.94,1415892.61,1662450.4,1741458.36,1756949.74,1862163.01,1489830.69,1350634.24,17141.5,0,0,0,0,0,0,0,0,0,0,0,18090000,0,0,0,0,0,0,0,0,0,0,0,17655400,0,0,0,0,0,0,0,0,0,0,0,7246900,0,0,0
Oaxaca,0,0,0,0,0,0,0,0,0,0,0,0,0,0,0,0,0,0,0,0,0,0,0,0,166334,154958,161520,169353,171101,161451,162478,168036,171573,175500,164336,168309,171664,164460,165727,167379,173614,182758,162560,171103,163385,164431,162339,164492,168248,164017,172389,172822,176137,183950,175309,177358,167695,174747,172246,177729,174291,169397,174123,182060,181966,186470,179463,178191,177193,183483,175640,179646,177019,177491,174982,184110,188515,187622,185929,186556,177046,182653,173657,175504,181907,237464,182630,127208,184010,166977,184487,193193,184026,173722,176710,187970,183388,186715,188213,185050,189404,195850,194681,201318,191298,198147,192239,197558,195535.86,189643.28,196345.46,202759.2,208486.24,206976.87,202889.52,210332.52,205477.11,200249.37,181026.55,184805.67,178936.92,179621.26,179489.15,189061.05,203601.23,204922.12,195160.55,201675.08,192641.02,196039.6,188961.61,197044.42,195998.49,207050.34,200854.76,214440.31,220860.47,225860.07,213023.82,213257.64,210828.45,216426.95,190307.7,198104.97,200898.69,205639.78,213451.23,218039.67,218375.52,223406,213853.61,219123.38,205963.35,212522.79,202112.39,210850.16,207188.29,203872.75,199584.22,216372.23,215805.45,225740.5,205599.16,207688.18,209505.76,207758.05,206880.64,210787.44,199230.41,205348.53,208859.78,223055.12,228261.92,223070.11,214305.11,225472.89,214791.21,213636.34,208895.48,2572.7,205480.33,195942.53,213055.98,222308.73,232732.99,228131.5,228429.74,227334.51,221839.51,232277.68,222248.86,2653.804607,215850.08,215371.53,211105.99,226396.05,244790.91,237424.52,231155.52,225319.37,224105.56,224524.72,217669.17,2698.9,212458.02,206990.4,216347.37,217754.69,235304.15,242141.31,220978.55,225677.09,231842.18,214114.74,288259.13,2656.4,0,0,0,0,0,0,0,0,0,0,0,2747400,0,0,0,0,0,0,0,0,0,0,0,2900100,0,0,0,0,0,0,0,0,0,0,0,1434600,0,0,0
Puebla,0,0,0,0,0,0,0,0,0,0,0,0,0,0,0,0,0,0,0,0,0,0,0,0,508198,502103,510180,527658,531145,523648,518935,538112,511540,527061,515163,489534,519927,506042,529328,511615,541122,520326,536401,527116,511320,528511,521493,490529,523738,526518,558921,530429,495435,511329,525137,516736,514396,526912,496636,492217,531250,512022,530927,557375,551608,550343,545429,547021,524482,556103,538660,516916,552698,534529,576792,539198,546259,564001,565305,556011,551196,565722,554508,529371,561998,584628,596958,546388,581818,567013,598587,587423,562614,593890,580942,546998,598983,687883,600955,616725,627773,608301,604316,601588,582546,597609,583831,525842,543117.98,531443,567070.13,549261.67,560323.26,549004.31,584254.19,581627.96,566453.86,607705.64,589880.07,543823.1,586878.49,558232.04,609594.12,602712.55,630859.15,628257.23,615258.97,597779.49,583014.26,619182.71,560728.71,561777.14,615078.62,588960.57,647387.86,602248.37,640374.07,644062.21,619461.67,630427.77,605295.55,618527.15,611167.19,584553.24,611128.22,613178.83,666893.77,621937.22,648549.47,638260.78,628690.48,627965.67,620722.1,617667.72,625338.64,581151.28,629675.22,613733.65,633963.4,651102.8,664956.59,648723.74,628763.86,633414.49,599626.19,630010.79,607241.49,582876.25,623810.28,618992.71,645384.87,636803.32,656802.01,618977.9,615921.63,646393.02,621858.1,652551.16,629338.26,7566.8,637195.23,621495.45,637286.93,624944.36,635642.57,618413.98,616560,677352.78,630158.09,652681.66,631531.24,7592.799951,575860.01,622560.04,626884.94,656914.13,643439.72,651591.7,647981.63,660917.31,627343.7,664337.02,647558.48,7625.9,626758.46,635716.01,656036.46,679435.28,675401.61,658006.84,643797.31,661804.51,655641.75,569499.75,661902.72,7725,0,0,0,0,0,0,0,0,0,0,0,7817000,0,0,0,0,0,0,0,0,0,0,0,7610500,0,0,0,0,0,0,0,0,0,0,0,3460500,0,0,0
Querétaro,0,0,0,0,0,0,0,0,0,0,0,0,0,0,0,0,0,0,0,0,0,0,0,0,252588,248528,257018,278613,277814,281100,278168,266654,259357,278420,261624,243797,256685,241992,273752,264333,273826,272071,259729,262414,257472,253949,249214,240479,272235,262336,264386,279732,279204,281621,263217,280469,267822,277099,276901,259970,272889,232314,266465,294519,307718,313774,316546,276771,269069,286704,276058,261768,268341,275068,286483,280226,286230,292382,300519,294083,284006,285450,286586,269705,328374,280616,267901,295763,312710,315890,304281,299093,297292,296853,297333,284921,309434,297596,309473,314156,351666,343090,313813,297236,307783,291892,285486,229350,272831.56,274695.37,293161.65,294568.73,312784.93,309188.32,312081.07,331018.98,317148.52,318966.34,299652.24,287022.4,302831.46,289105.4,314938.57,320877.98,353843.33,359026.62,350255.1,342571.74,349679.28,326867.34,332302.07,310627.3,337223.8,325445.96,386407.2,374019.85,401692.12,396760.98,379592.9,382374.26,373491.61,382023.88,367373.1,348940.53,367690.23,352125.98,375134.02,368869.82,405532.55,408405.38,388259.06,396673.68,388287.22,384344.97,375222.3,342516.58,379869,370371.82,386909.24,401093.17,422249.69,412780.59,400405.08,405610.48,393266.28,408983.23,378534.91,354968.42,379791.57,382086.95,410445.26,411211.76,423413.89,410032.27,405089.29,418351.34,398541.18,415892.69,394434.32,4812.8,377290.49,372046.19,391795.41,401722.68,426410.14,443639.62,409116.63,437120.17,420165.28,440845.72,416079.7,4923.884185,414944.84,410104.43,414175.69,453967.71,455900.2,447974.79,444844.88,450216.72,428295.57,448232.43,408847.16,5162.3,418039.63,417085.27,439716.52,430728.52,467961.51,462523.95,421473.45,427081.67,489876.3,395900.35,473968.01,5243.7,0,0,0,0,0,0,0,0,0,0,0,5458800,0,0,0,0,0,0,0,0,0,0,0,5543900,0,0,0,0,0,0,0,0,0,0,0,2391200,0,0,0
Quintana Roo,0,0,0,0,0,0,0,0,0,0,0,0,0,0,0,0,0,0,0,0,0,0,0,0,161033,150176,168793,175347,189413,191272,208116,199087,203448,178806,183433,167242,156317,152499,181811,178215,200104,198626,221034,210128,211841,196890,199342,182977,175309,168281,185905,187780,209859,214750,234757,232714,229255,217617,208451,194890,187826,176047,198363,206146,231714,229436,241364,242496,246325,195398,154692,165429,174414,170363,206141,205637,238578,242235,270543,266409,272995,257629,240650,227256,240020,231708,244471,245633,275341,275089,311693,298110,295353,280858,264917,260564,259706,262137,279411,283905,314565,306611,334766,333528,333496,301993,273228,260268,270906.17,248286.04,269236.59,287740.26,283923.94,298899.99,342694.33,336752.65,339305.75,322089.97,300704.99,284737.29,268791.82,240923.08,257519.6,280819.42,320039.5,338311.36,365162.41,351947.96,341030.57,307703.12,289256.26,263208.06,268110.62,257523.58,289180.44,312387.73,337660.39,340197.06,355179.63,350457.55,354997.68,314666.59,291375.98,285678.2,281507.75,280117.56,309322.48,313772.46,334730.27,331805.83,364855.98,366405.86,359031.6,341296.94,304392.87,293822.04,303676.27,291779.81,295565.64,318935.67,351806.43,355024.61,371112.13,378753.68,352681.36,349002.83,339064.28,327180.95,306930.86,301831.51,327421.3,336871.92,365107.01,366703.91,404071.48,411346.42,388058.05,366996.6,333355.06,4219,314968.36,292885.86,336551.38,367802.84,386595.1,403948.89,403482.34,427783.13,426120.08,390925.7,384842.19,4504.543004,351809.64,313130.21,347968.79,366943.33,416264.32,423539.2,469050.58,449473.68,449191.12,415121.04,382008.3,4764.7,362289.34,331170.85,363251.1,367562.16,413461.11,424023.06,474389.42,459639.58,490151.19,421556.4,391860.25,4831.9,0,0,0,0,0,0,0,0,0,0,0,5012400,0,0,0,0,0,0,0,0,0,0,0,5297400,0,0,0,0,0,0,0,0,0,0,0,2121300,0,0,0
San Luis Potosí,0,0,0,0,0,0,0,0,0,0,0,0,0,0,0,0,0,0,0,0,0,0,0,0,339632,314288,312379,339752,364421,364623,368984,360251,351700,351132,329097,328182,347312,329456,356304,355233,363868,383117,397030,374354,367812,380355,356757,343744,362986,352462,489024,250546,384125,476254,493603,387285,381413,400368,365788,348849,336588,409938,446777,368657,390020,439244,462269,401381,406024,401714,395764,362481,384204,373823,457982,343992,393383,452615,527051,416523,407838,399935,388363,388783,387783,373730,531518,359973,412687,427688,423612,396941,447556,463352,446067,378605,404510,389638,501848,439029,456384,459511,395829,424930,442037,389266,422460,318774,373561.84,342247.85,374530.91,445220.48,408733.79,378619.19,385061.25,413511.66,427746,386749.26,357761,343562.06,367832.03,345078.24,373485.79,462200.5,411869.35,429255.4,421874.15,421544.31,426383.51,414570.1,392742.16,384003.25,414030.79,375508.54,421329.85,515004.72,448700.88,462537.02,442242.52,436234.83,439370.23,441447.62,443002.57,441224.75,449167.08,454240.59,433693.59,547458.14,499661.1,494479.68,482649.3,541842.43,482943.32,486215.7,479013.5,439132.46,443517.55,432881.98,468779.5,554273.23,498005.76,504523.3,477557.47,508766.29,505826.61,481137.3,453246.46,446096.08,449692.84,460175.64,551724.18,457279.9,529216.3,506306.09,481206.73,480300.11,502191.94,519678.6,467979.79,5848.8,464279.98,528998.93,470783.47,471574.37,492683.22,497036.91,487620.68,532148.29,501507.8,493150.41,450982.34,5799.857027,466823.7,595969,631394.2,609574.49,503263.91,513037.1,523033.28,531078.22,484824.13,514042.82,477012.38,6297.4,466923.52,458418.83,492163.47,466388.23,501244.9,517296.63,497209.61,482466.17,566236.9,446131.66,516638.13,5860.4,0,0,0,0,0,0,0,0,0,0,0,5921700,0,0,0,0,0,0,0,0,0,0,0,5982900,0,0,0,0,0,0,0,0,0,0,0,2771200,0,0,0
Sinaloa,0,0,0,0,0,0,0,0,0,0,0,0,0,0,0,0,0,0,0,0,0,0,0,0,240553,226759,222559,241571,295312,345974,393764,429007,418879,423791,362822,285045,259130,252999,244232,262472,290951,356258,405089,443037,430936,434335,383522,316941,265988,240842,242802,295732,330567,392626,453286,455643,468698,469604,367946,292725,267209,260094,257850,281840,321500,368804,437978,477729,506826,513568,424253,320110,282445,269030,278545,301333,352070,440453,518208,524617,504771,509605,450988,369732,292244,275525,295639,321499,357459,445071,511785,555833,545961,531177,455906,363699,296419,292800,290174,334562,392598,458697,536305,571443,562112,557091,509580,386654.81,327142.7,301401.99,327786.94,342509.38,402803.03,497955.65,576017.43,598788.63,591578.93,592367.41,499186.66,389766.12,341183.22,302351.4,309216.64,351806.72,402812.24,467902.32,570431.93,624881.09,649485.7,620824.56,491168.09,376987.94,323787.12,306047.91,311059.7,351805.11,408444.48,524882.7,633327.03,665745.14,676428.47,675841.5,558265.7,401772.21,325825.97,316644.05,335985.03,355919.15,437767.57,554132.07,632229.35,657801.12,666406.21,644034.71,549610.69,426731,345484.81,322834.74,330575.6,367926.83,450367.92,537353.97,635910.56,686755.59,679216.9,651035.39,564869.67,429037.79,365549.54,343158.17,373991.44,405864,494158.39,607306.04,687049.13,705589.68,675051,676480.23,583318.04,6370,357375.89,342526.63,380206.36,436485.35,477935.8,576224.1,684006.83,757533.36,735433.74,726569.82,612165.07,6556.786058,352425.39,344245.69,379407.52,436888.53,489508.83,620618.23,711983.7,773397.22,745722.05,764511.06,687330.55,6836.4,381197.29,348556.89,382157.25,423607.43,517450.8,608897.57,720591.21,793987.23,806610.67,776766.83,776845.38,7039.8,0,0,0,0,0,0,0,0,0,0,0,7127800,0,0,0,0,0,0,0,0,0,0,0,7256100,0,0,0,0,0,0,0,0,0,0,0,2603500,0,0,0
Sonora,0,0,0,0,0,0,0,0,0,0,0,0,0,0,0,0,0,0,0,0,0,0,0,0,569421,529849,473488,539501,644141,697761,803541,837425,787377,756500,622975,521487,487539,500984,540649,585553,640672,699391,818973,881836,847397,796067,705862,591315,586629,558570,586818,638717,692023,796620,793157,915451,908213,786395,663406,595952,583262,559191,588685,655916,691050,788746,898341,978776,953418,928282,741155,663420,611340,610383,615934,605897,683698,793595,873923,1007049,957121,903838,755739,662632,633292,630289,675277,698184,763327,876835,1001945,1008058,992862,896628,728225,591766,581602,593069,642496,672520,712413,835648,988355,1024545,967493,918783,768539,606644.49,557483.09,552609.75,597160.05,642158.66,720638.84,831092.92,937203.67,1020318.03,1015822.16,919824.21,721194.83,607251.52,575879.71,535897.04,545213.81,606819.91,668067.34,788739.34,964168.42,1059221.12,1070989.49,975119.89,760842.43,623755.03,612519.37,610317.44,677293.2,722814.46,813219.81,934146.77,1093606.3,1172536.47,1211697.68,1106610.14,880148.13,693991.63,673530.96,679302.31,723434.16,736034.56,892102.8,1043137.97,1154000.92,1209277.76,1195286.42,1103367.44,904939.22,734562.6,703009.42,682422.24,731253.97,761236.07,895118.74,1044223.08,1197557.24,1272172.48,1219481.41,1075497.81,878421.44,572215.23,567501.65,555752.34,623162.74,668859.58,767211.44,951229.2,1101705.96,1117902.86,1090143.02,1017442.7,797966.67,9878.1,588415.31,568568.27,630093.5,724196.07,743263.96,862934.54,1055389.27,1176945.83,1162777.19,1066637.15,799216.55,9973.173649,548184.02,561281.22,640061.31,672443.04,738343.81,932262.2,1134925.4,1229953.22,1164853.46,1057472.6,897248.18,10253.7,551599.81,550878.58,630979.47,698739.95,797114.74,948540.3,1134450.9,1204077.45,1265627.12,1063507.73,914828.65,10414.7,0,0,0,0,0,0,0,0,0,0,0,10458400,0,0,0,0,0,0,0,0,0,0,0,10553500,0,0,0,0,0,0,0,0,0,0,0,3988700,0,0,0
Tabasco,0,0,0,0,0,0,0,0,0,0,0,0,0,0,0,0,0,0,0,0,0,0,0,0,155890,138811,144926,151424,184646,173157,186477,183003,190394,192022,184335,170718,166138,154937,159182,150470,188733,202140,191981,194556,194986,186605,186891,161313,181734,165304,179717,180611,195223,196571,213183,206222,211236,197411,196178,177434,176884,168080,181167,190917,207753,209670,218007,209545,225653,210853,211803,188824,187658,177317,188905,191303,236211,216662,211964,211346,211843,219695,220971,206899,187063,190967,199665,201196,222499,235720,247076,244059,234084,233976,206163,202294,205244,209785,208441,229214,243165,247647,244699,243939,247525,234482,212911,197357,195688.32,191912.61,204215.56,231611.61,248374.6,275596.77,280696.23,281404.49,269175.42,265002.97,256093.12,232223.17,212810.52,196544.82,202376.8,219168.95,248716.02,268140.52,266874.52,259356.23,256993.72,259968.93,232359.32,210693.11,235634.94,214662.12,214857.29,254152.54,273068.3,309307.68,275732.21,291173.72,269007.34,273977.08,237151.52,232014.98,222626.58,237448.62,247210.33,267116.11,287838.62,305949.67,294461.16,299885.43,287311.55,302827.11,280966.57,268401.67,239436.99,244143.06,237638.78,266616.72,286950.24,312585.82,299406.02,308928.08,293558.59,310012.77,278765.42,264009.73,237773.61,237174.12,259398.95,291475.42,302368.69,304178.31,313334.11,332647.44,315110.81,300959.67,263244.48,3401.3,229311.01,208970.32,221475.43,254448.71,303626.05,313659.71,312242.69,326381.24,321574.97,332605.32,318793.63,3452.63294,264488.74,242465.1,244719.52,287384.27,355172.28,349510.7,329619.71,336629.12,356022.84,316020.3,307044.25,3702.7,247906.86,246660.53,252278.57,261622.06,288276.53,289773.81,299872.6,297804.14,309921.82,319740.87,313014.52,3321.9,0,0,0,0,0,0,0,0,0,0,0,3292500,0,0,0,0,0,0,0,0,0,0,0,3336100,0,0,0,0,0,0,0,0,0,0,0,1601200,0,0,0
Tamaulipas,0,0,0,0,0,0,0,0,0,0,0,0,0,0,0,0,0,0,0,0,0,0,0,0,514255,557429,565495,548750,639422,705886,689499,714186,713332,670490,574739,473327,470253,466819,561282,571049,620943,700382,694653,725036,715279,651690,606546,504312,505444,487585,564359,537168,599642,665869,729263,767477,770136,748057,646000,544434,529947,497993,532169,559923,621493,719463,775293,816979,790268,763789,644952,522620,529250,500377,595273,602274,703088,762399,775696,825547,805904,776364,662856,545517,535613,537922,588328,585650,681543,763889,789225,845737,817821,781021,679904,576007,552646,568485,585673,635855,737255,798967,800845,842604,803952,741759,631092,520317,530751.12,494761.59,537596.55,623197.92,701852.85,740513.28,850240.49,878221.67,864587.88,775825.07,667540.7,545122.95,568288.06,521313.04,560897.04,600580.32,688760.94,795252.57,840141.46,866745.67,870742.4,803904.6,664340.04,549472.98,553148,543088.28,636246.39,665833.62,760120.69,829708.33,861340.49,893542.7,888685.64,863274.26,741184.29,630737.14,630054.52,582516,628299.98,670357.01,775662.84,826038.11,853969.67,941781.1,877396.2,815203.6,714050.61,591549.06,573978.78,586742.72,596040.43,660359.06,748440.03,802365.86,859476.53,901156.85,883095.73,822007.71,705712.61,587028.67,578880.33,568132.76,605896.62,639258.64,737217.52,808605.32,873628.85,904495.02,905169.85,840850.03,671297.26,8709.3,582304.67,556652.82,593064.5,652390.42,738915.44,821248.78,884009.54,953258.99,934936.29,881016.03,763892.88,8955.350912,581770.88,577032.18,614612.32,670553.23,766067.28,844903.65,926406.53,909939.36,930820.44,857633.76,731709.4,9003.4,560753.55,559900.56,626105.96,654265.26,737279.55,832300.58,894417.02,903491.23,957045.84,818930.94,722377.52,8762.7,0,0,0,0,0,0,0,0,0,0,0,8941900,0,0,0,0,0,0,0,0,0,0,0,9100700,0,0,0,0,0,0,0,0,0,0,0,3752900,0,0,0
Tlaxcala,0,0,0,0,0,0,0,0,0,0,0,0,0,0,0,0,0,0,0,0,0,0,0,0,119739,116827,123101,118011,127675,125078,124173,123801,122345,128268,126496,113946,126337,121347,128052,119648,128720,121356,125352,125023,112833,123722,125069,116977,115411,122127,135460,128733,133260,132742,136786,136397,135063,139953,139965,138744,144559,132603,143589,147915,151387,149548,150114,149559,148168,151835,150268,145666,153291,145186,156498,146507,156463,152742,152019,152612,152846,156885,153824,142602,155554,146890,162081,150738,156272,155229,157319,157768,148566,156548,153203,147985,150139,151571,154273,154649,155327,150926,158803,140658,143321,151507,141688,117396,138358.34,129539.4,136881.86,131356.82,138068.76,133503.66,135000.84,135048.58,130048.11,139554.31,132891.19,130537.15,136892.63,134723.9,143125.38,135956.11,144587.12,121288.33,135790.83,140160.27,139531.42,145455.12,143452.17,139788.47,157170.95,144998.72,154363.97,147268.92,153874.19,150184.29,152003.78,152169.84,150076.33,154768.43,148168.38,133109.83,149896.35,148678.58,158449.79,144476.23,153703.49,150352.95,152141.13,157359.32,153522.78,158790.97,150171.48,134302.62,140211.41,152715.12,153837.23,157360.4,157373.78,144544.55,153418.47,154244.34,146578.1,157353.28,151277.08,145429.43,152688.45,143395.83,158784.35,149096.38,154682.31,154201.18,156447.39,148614.36,154741.78,160082.08,154094.26,1836.2,158580.97,148809.97,152338.53,138004.97,161365.28,153229.61,160796.67,161591.48,151536.67,158864.59,152760.73,1848.089264,155697.6,151875.1,158414.63,161543.39,168171.18,164407.08,166605.45,160914.43,157819.58,161837.44,158800.76,1911,159169.21,156140.13,157264.09,161722.39,166166.68,163391.37,158798.57,164954.26,159189.97,141855.12,168058.31,1887.5,0,0,0,0,0,0,0,0,0,0,0,1774500,0,0,0,0,0,0,0,0,0,0,0,1625400,0,0,0,0,0,0,0,0,0,0,0,729400,0,0,0
Veracruz,0,0,0,0,0,0,0,0,0,0,0,0,0,0,0,0,0,0,0,0,0,0,0,0,686512,667028,687229,711561,749813,738102,786590,769074,790637,767383,756050,713645,713549,693436,756589,732044,812787,768476,812788,779175,729193,705130,651032,625547,653123,633864,678238,673847,745559,727922,785660,761196,788038,793373,752625,728324,704337,673003,712441,743615,788801,804839,853011,810532,818946,805577,795382,737108,740830,695645,772690,772643,855582,816546,852931,821599,848431,834234,797691,750335,754562,566028,748687,827760,847904,860949,932655,872416,883303,887720,835054,784396,770999,656143,812744,824318,935473,895567,904556,871063,935185,841643,815258,715634,724473.67,703869.02,748024.8,761132.82,791816.42,841983.84,894681.84,885952.04,901354.6,871255.68,813495.63,742807.56,782706.9,679956.55,776138.07,789694.27,905992.83,901727.46,985161.4,914841.81,900384.27,807153.76,812924.95,760688.9,775100.07,732731.82,831087.02,882333.28,972979.21,959061.12,1009982.36,966398.4,987783.34,911037.16,895326.94,845111.23,879271.57,860707.7,927104.61,920552.19,1032626.57,1015497.27,987207.96,938396.86,969879.98,950357.69,906932.56,859188.52,852167.97,814848.07,866430.75,874019.22,965621.05,962018.57,1024308.55,970309.06,961764.38,907047.54,882462.84,789690.06,791803.06,764073.43,847323.6,873557.55,971167.31,945321.06,997544.96,953377.24,967421.84,922928.14,899093.16,10774.7,810804.64,774463.08,806265.94,827994.67,1006441.5,966243.55,1021334.16,1067070.68,1064306.45,973837.04,936928.6,11119.67721,821402.04,816242.24,819881.31,880674.82,1033843.78,1022815.05,1063891.49,1000846.1,1022886.53,961696.4,904989.46,11142.2,749479.75,730579.91,742807.91,733960.22,871033.73,900613.82,882959.14,852206.72,936800.63,875529.52,823117.22,9783.5,0,0,0,0,0,0,0,0,0,0,0,10323400,0,0,0,0,0,0,0,0,0,0,0,10112000,0,0,0,0,0,0,0,0,0,0,0,4527600,0,0,0
Yucatán,0,0,0,0,0,0,0,0,0,0,0,0,0,0,0,0,0,0,0,0,0,0,0,0,177379,160006,163990,174710,211578,200357,200869,199510,195107,170542,193014,166968,169828,167649,179164,183423,206120,207356,221034,200912,210011,201184,203663,177929,184869,171423,183226,195751,205550,209508,231929,217813,222736,211480,211749,191902,192809,175538,190031,202694,229878,216144,231462,225003,233634,210438,224459,199319,198555,186845,192488,205858,242479,235335,244064,230521,239601,236752,234486,205203,208478,202022,208795,203102,249648,241943,257368,248374,250871,240800,240461,212877,222816,212529,222112,226792,264538,251663,261710,257622,270028,258616,242805,206948,237865.7,202896.67,219713.88,234462.86,270505.93,257732.01,272211.84,250781.44,269566.75,261148.48,247379.7,215284.34,211655.29,185699.84,206922.14,217769.8,258050.89,264582.06,277519.89,263646.87,263072.17,245103.91,236579.64,212753.91,214997.37,204749.28,228796.91,250104.57,284306.28,291472.64,286507.98,272411.65,280483.38,263647.96,246518.88,225308.09,220813.18,213548.98,247413.85,249432.7,277281.04,264933.69,283504.15,275114.2,285801.03,274438.16,256603.92,228336.54,235166.72,227222.55,236778.52,251078.17,292950.58,286555.04,286198.33,286079.66,281041.15,272331.09,273459.61,244089.07,239885.36,222525.05,249593.16,259983.32,296883.83,278601.73,302751.49,301721.36,303478.77,284720.59,270086.86,3240.6,242722.53,222930.4,256733.77,280191.35,324331.12,304770.42,319204.73,313899.1,326406.69,319266.21,307069.53,3494.002026,262276.8,240809.6,265817.96,288255.38,340997.28,353421.94,353068.08,334486.9,341690.81,317499,308189.97,3691.1,272071.49,245750.35,283941.28,289169.54,329934.04,337396.5,349760.4,324337.21,370038.52,343640.86,314471.43,3717.8,0,0,0,0,0,0,0,0,0,0,0,3811500,0,0,0,0,0,0,0,0,0,0,0,4107800,0,0,0,0,0,0,0,0,0,0,0,1855000,0,0,0
Zacatecas,0,0,0,0,0,0,0,0,0,0,0,0,0,0,0,0,0,0,0,0,0,0,0,0,119917,123182,112240,149245,179481,188435,164586,122538,130991,137227,127965,124474,117535,123604,123489,143692,173829,203140,157936,141255,132978,124011,124458,125968,126611,122555,112506,146241,133469,158756,120039,124056,124499,108912,108893,105092,99833,104728,102117,125434,159026,169873,166608,144245,138220,141890,126862,117146,110013,120887,118735,145690,163764,164577,169270,152322,128874,120595,122590,121834,135496,131433,129116,148897,176077,155352,134257,140386,152671,140606,127973,120598,121797,155657,132126,149471,189555,200715,137600,149626,122987,125668,128246,113487,122823.11,129398.46,138221.64,164744.61,193269.72,182186.13,170074.32,203045.61,177503.05,174034.21,172513.61,161847.55,152467.69,148678.48,167821.94,201199.69,233595.78,262870.01,227623.36,231195.12,262762.39,228250.84,234766.62,214560.28,223407.95,215885.69,242509.49,262191.92,286735.37,305726.81,280228.98,273323.58,284795.31,269176.79,212165.04,211749.26,211473.28,210066.12,230678.13,268437.27,296823.61,284568.35,273376.64,270705.02,265390.18,250224.42,236134.39,219413,219372.03,218128.1,236382.07,249970.49,286235.82,284833.93,244598.72,241890.05,257271.78,212453.16,212686.34,209372.16,197442.12,210120.5,226313.28,250614.13,285825.56,261068.23,245509.71,280301.79,258324.74,238811.62,213100.89,2893.9,224124.91,214364.41,226219.25,234012.34,261585.68,249981.49,212598.17,189203.1,188381.35,172035.27,154939.68,2465.13534,141476.98,153349.42,168876.51,196143.3,233591.2,228040.6,223900.15,206590.43,181697.44,189152.74,175626.35,2258.6,165996.26,172689.68,190333.86,193657.92,237309.97,246779.13,205940.16,188752.77,175962.25,161280.96,173993.17,2265.2,0,0,0,0,0,0,0,0,0,0,0,2120700,0,0,0,0,0,0,0,0,0,0,0,2418600,0,0,0,0,0,0,0,0,0,0,0,1184900,0,0,0
